sales_agent,quarter,deals_worked,win_rate,avg_deal_size,avg_cycle_days,revenue,next_quarter_revenue
Anna Herrold,2022Q1,62,0.3225806451612903,3763.5093548387094,82.5,1022449.3,3911832.24
Anna Herrold,2022Q2,56,0.2857142857142857,3658.0519642857143,76.72093023255815,3911832.24,3488918.62
Anna Herrold,2022Q3,70,0.37142857142857144,3628.335285714286,77.48387096774194,3488918.62,5052555.41
Anna Herrold,2022Q4,60,0.31666666666666665,3699.5778333333337,78.79166666666667,5052555.41,4334033.09
Anna Herrold,2023Q1,78,0.3717948717948718,3650.558205128205,77.75,4334033.09,5008592.13
Anna Herrold,2023Q2,67,0.3283582089552239,3683.6474626865675,77.08928571428571,5008592.13,4841419.78
Anna Herrold,2023Q3,60,0.4,3615.101166666667,78.81132075471699,4841419.78,3696184.57
Anna Herrold,2023Q4,69,0.42028985507246375,3509.3546376811596,73.65625,3696184.57,6970059.9399999995
Anna Herrold,2024Q1,100,0.35,3741.1363,78.67816091954023,6970059.9399999995,6203287.68
Anna Herrold,2024Q2,73,0.3835616438356164,3606.3565753424655,78.22950819672131,6203287.68,4315239.16
Anna Herrold,2024Q3,79,0.34177215189873417,3672.475316455696,79.78260869565217,4315239.16,6501627.69
Anna Herrold,2024Q4,71,0.36619718309859156,3553.9221126760563,76.66037735849056,6501627.69,3814846.0300000003
Anna Herrold,2025Q1,97,0.32989690721649484,3670.54412371134,76.88888888888889,3814846.0300000003,6124378.47
Anna Herrold,2025Q2,79,0.3924050632911392,3502.111772151899,75.96923076923076,6124378.47,6803683.46
Anna Herrold,2025Q3,90,0.3888888888888889,3669.2214444444444,77.7625,6803683.46,7977887.21
Anna Herrold,2025Q4,84,0.42857142857142855,3584.0703571428567,78.15942028985508,7977887.21,
Boris Hendon,2022Q1,72,0.4444444444444444,3514.415138888889,72.18333333333334,1654114.26,5334662.6899999995
Boris Hendon,2022Q2,48,0.3125,3619.8920833333336,83.05263157894737,5334662.6899999995,2709122.91
Boris Hendon,2022Q3,58,0.4482758620689655,3535.04724137931,74.37254901960785,2709122.91,5480089.5200000005
Boris Hendon,2022Q4,48,0.375,3659.1593749999997,75.51162790697674,5480089.5200000005,3041205.56
Boris Hendon,2023Q1,73,0.3561643835616438,3727.6742465753423,78.47540983606558,3041205.56,5802768.58
Boris Hendon,2023Q2,73,0.3972602739726027,3550.17,75.22033898305085,5802768.58,5538099.5200000005
Boris Hendon,2023Q3,69,0.3188405797101449,3758.98,80.46551724137932,5538099.5200000005,4297404.33
Boris Hendon,2023Q4,64,0.34375,3527.98265625,74.73684210526316,4297404.33,4240847.36
Boris Hendon,2024Q1,77,0.3116883116883117,3659.387142857143,81.8135593220339,4240847.36,5708303.08
Boris Hendon,2024Q2,74,0.40540540540540543,3547.382027027027,74.95161290322581,5708303.08,5139329.41
Boris Hendon,2024Q3,68,0.39705882352941174,3681.6685294117647,78.63333333333334,5139329.41,7144436.78
Boris Hendon,2024Q4,70,0.35714285714285715,3603.346714285714,77.60714285714286,7144436.78,5027363.25
Boris Hendon,2025Q1,89,0.38202247191011235,3643.455056179775,77.88732394366197,5027363.25,4781561.28
Boris Hendon,2025Q2,58,0.27586206896551724,3619.4882758620693,77.8125,4781561.28,4570386.66
Boris Hendon,2025Q3,80,0.4,3668.4527499999995,77.98461538461538,4570386.66,4720283.8100000005
Boris Hendon,2025Q4,72,0.4166666666666667,3730.863472222222,77.47540983606558,4720283.8100000005,
Boris Nicholson,2022Q1,52,0.40384615384615385,3552.0911538461537,78.0,561032.69,4463527.39
Boris Nicholson,2022Q2,50,0.5,3631.8114,76.2,4463527.39,5333706.02
Boris Nicholson,2022Q3,75,0.37333333333333335,3437.2166666666667,73.34375,5333706.02,4828153.25
Boris Nicholson,2022Q4,47,0.425531914893617,3555.9119148936165,75.79069767441861,4828153.25,4698708.03
Boris Nicholson,2023Q1,73,0.3561643835616438,3565.542191780822,76.41269841269842,4698708.03,4006697.31
Boris Nicholson,2023Q2,67,0.34328358208955223,3639.552686567164,82.20338983050847,4006697.31,5215292.34
Boris Nicholson,2023Q3,66,0.36363636363636365,3645.5010606060605,78.30909090909091,5215292.34,5169247.42
Boris Nicholson,2023Q4,78,0.32051282051282054,3691.153076923077,78.58208955223881,5169247.42,4858756.26
Boris Nicholson,2024Q1,88,0.32954545454545453,3659.1095454545457,79.3013698630137,4858756.26,3852443.74
Boris Nicholson,2024Q2,77,0.3246753246753247,3662.9406493506494,78.35483870967742,3852443.74,6003022.32
Boris Nicholson,2024Q3,60,0.31666666666666665,3674.401833333334,79.42592592592592,6003022.32,3322550.62
Boris Nicholson,2024Q4,64,0.3125,3638.19734375,79.49152542372882,3322550.62,4532911.86
Boris Nicholson,2025Q1,91,0.3516483516483517,3645.352637362638,77.8051948051948,4532911.86,5791931.5
Boris Nicholson,2025Q2,74,0.4189189189189189,3752.852162162162,79.84126984126983,5791931.5,6469791.29
Boris Nicholson,2025Q3,75,0.44,3674.6436000000003,77.12121212121212,6469791.29,6841702.74
Boris Nicholson,2025Q4,85,0.27058823529411763,3765.214117647059,79.2463768115942,6841702.74,
Boris Purl,2022Q1,65,0.3230769230769231,3700.9743076923073,78.48148148148148,1232416.26,3378976.94
Boris Purl,2022Q2,57,0.3508771929824561,3653.257719298246,74.85106382978724,3378976.94,3652386.41
Boris Purl,2022Q3,55,0.36363636363636365,3523.9687272727274,78.0,3652386.41,3482650.91
Boris Purl,2022Q4,40,0.45,3795.76575,81.84210526315789,3482650.91,4338196.59
Boris Purl,2023Q1,71,0.4084507042253521,3288.5471830985916,71.98387096774194,4338196.59,4824068.46
Boris Purl,2023Q2,61,0.3442622950819672,3605.514590163935,75.3921568627451,4824068.46,3812065.65
Boris Purl,2023Q3,79,0.4177215189873418,3753.1070886075954,80.91549295774648,3812065.65,6119114.58
Boris Purl,2023Q4,62,0.4032258064516129,3781.1470967741934,79.75,6119114.58,6744045.3
Boris Purl,2024Q1,77,0.4025974025974026,3518.3589610389613,75.59420289855072,6744045.3,5045847.13
Boris Purl,2024Q2,73,0.3835616438356164,3714.7650684931505,80.90625,5045847.13,6768734.9399999995
Boris Purl,2024Q3,76,0.3815789473684211,3569.946447368421,77.11111111111111,6768734.9399999995,5785065.31
Boris Purl,2024Q4,63,0.30158730158730157,3514.310634920635,77.76363636363637,5785065.31,4589655.7700000005
Boris Purl,2025Q1,79,0.3670886075949367,3729.629367088608,78.98611111111111,4589655.7700000005,5866576.62
Boris Purl,2025Q2,82,0.35365853658536583,3649.420975609756,80.38028169014085,5866576.62,5655185.94
Boris Purl,2025Q3,80,0.325,3634.0865,76.37878787878788,5655185.94,5693939.52
Boris Purl,2025Q4,78,0.32051282051282054,3667.9426923076926,78.03125,5693939.52,
Boris Sturm,2022Q1,68,0.4117647058823529,3582.6248529411764,76.05357142857143,1151606.3199999998,5359290.66
Boris Sturm,2022Q2,61,0.2786885245901639,3790.1167213114754,81.8695652173913,5359290.66,3543792.77
Boris Sturm,2022Q3,67,0.373134328358209,3624.384328358209,79.125,3543792.77,4129476.9699999997
Boris Sturm,2022Q4,71,0.39436619718309857,3633.8061971830984,79.55555555555556,4129476.9699999997,7399395.74
Boris Sturm,2023Q1,84,0.42857142857142855,3587.9840476190475,77.17333333333333,7399395.74,7049698.78
Boris Sturm,2023Q2,78,0.41025641025641024,3591.7210256410253,75.87096774193549,7049698.78,4765518.08
Boris Sturm,2023Q3,70,0.34285714285714286,3783.817,80.73214285714286,4765518.08,4775478.78
Boris Sturm,2023Q4,67,0.31343283582089554,3913.7249253731343,80.98214285714286,4775478.78,5195762.8
Boris Sturm,2024Q1,89,0.3707865168539326,3534.079887640449,74.68055555555556,5195762.8,6862317.0200000005
Boris Sturm,2024Q2,75,0.37333333333333335,3815.6976,80.03225806451613,6862317.0200000005,5279653.03
Boris Sturm,2024Q3,73,0.3561643835616438,3685.6798630136987,80.65,5279653.03,5271513.51
Boris Sturm,2024Q4,63,0.4444444444444444,3523.7844444444445,76.43137254901961,5271513.51,5612969.46
Boris Sturm,2025Q1,79,0.46835443037974683,3636.6530379746837,77.24657534246575,5612969.46,6259977.2700000005
Boris Sturm,2025Q2,81,0.345679012345679,3599.8590123456793,75.42857142857143,6259977.2700000005,5136989.65
Boris Sturm,2025Q3,73,0.3287671232876712,3857.489315068493,83.26984126984127,5136989.65,7467010.97
Boris Sturm,2025Q4,83,0.4819277108433735,3791.488554216867,79.54054054054055,7467010.97,
Cassey Marconi,2022Q1,67,0.373134328358209,3566.8750746268656,74.18032786885246,1887573.26,4456499.09
Cassey Marconi,2022Q2,62,0.3387096774193548,3624.9412903225802,78.23076923076923,4456499.09,2578082.18
Cassey Marconi,2022Q3,56,0.4107142857142857,3764.8382142857145,78.59183673469387,2578082.18,5084785.52
Cassey Marconi,2022Q4,47,0.46808510638297873,3731.894255319149,77.61904761904762,5084785.52,4884023.61
Cassey Marconi,2023Q1,81,0.4444444444444444,3623.710617283951,76.20289855072464,4884023.61,7514522.16
Cassey Marconi,2023Q2,84,0.44047619047619047,3711.1088095238097,79.13698630136986,7514522.16,5771608.15
Cassey Marconi,2023Q3,55,0.36363636363636365,3655.190909090909,78.63265306122449,5771608.15,3976352.7199999997
Cassey Marconi,2023Q4,68,0.3382352941176471,3705.873235294118,79.61666666666666,3976352.7199999997,5595029.99
Cassey Marconi,2024Q1,85,0.3764705882352941,3511.9483529411764,74.16417910447761,5595029.99,5482187.53
Cassey Marconi,2024Q2,77,0.3116883116883117,3759.152467532467,82.64179104477611,5482187.53,5980480.47
Cassey Marconi,2024Q3,73,0.410958904109589,3688.209178082192,79.59016393442623,5980480.47,6633786.22
Cassey Marconi,2024Q4,73,0.4383561643835616,3702.010684931507,75.6875,6633786.22,5280619.93
Cassey Marconi,2025Q1,93,0.3548387096774194,3756.460322580645,79.26829268292683,5280619.93,6450212.8
Cassey Marconi,2025Q2,90,0.4222222222222222,3590.038,77.1125,6450212.8,7970778.83
Cassey Marconi,2025Q3,87,0.4827586206896552,3584.514482758621,73.60526315789474,7970778.83,7891876.83
Cassey Marconi,2025Q4,72,0.2916666666666667,3556.375555555556,79.6774193548387,7891876.83,
Cassey Nicholson,2022Q1,62,0.46774193548387094,3656.0529032258064,76.94444444444444,1263895.27,5554294.63
Cassey Nicholson,2022Q2,62,0.3548387096774194,3502.7851612903223,73.78846153846153,5554294.63,5257621.61
Cassey Nicholson,2022Q3,57,0.3508771929824561,3661.771754385965,77.16666666666667,5257621.61,3562547.13
Cassey Nicholson,2022Q4,51,0.39215686274509803,3561.1258823529415,72.52272727272727,3562547.13,4859287.93
Cassey Nicholson,2023Q1,87,0.3333333333333333,3711.738850574713,77.84507042253522,4859287.93,5592474.28
Cassey Nicholson,2023Q2,66,0.42424242424242425,3717.4083333333333,78.87272727272727,5592474.28,6505433.12
Cassey Nicholson,2023Q3,60,0.45,3590.305,73.56603773584905,6505433.12,5682420.93
Cassey Nicholson,2023Q4,68,0.3382352941176471,3651.1695588235293,78.47457627118644,5682420.93,5223771.78
Cassey Nicholson,2024Q1,93,0.40860215053763443,3678.7649462365594,78.6842105263158,5223771.78,6811932.16
Cassey Nicholson,2024Q2,78,0.32051282051282054,3605.70217948718,77.02941176470588,6811932.16,5867567.54
Cassey Nicholson,2024Q3,94,0.40425531914893614,3574.199468085106,77.54430379746836,5867567.54,7441291.76
Cassey Nicholson,2024Q4,87,0.41379310344827586,3561.86908045977,73.97260273972603,7441291.76,6340658.42
Cassey Nicholson,2025Q1,107,0.3925233644859813,3588.217757009346,77.27659574468085,6340658.42,8311280.41
Cassey Nicholson,2025Q2,60,0.38333333333333336,3752.3365,82.6938775510204,8311280.41,6022343.84
Cassey Nicholson,2025Q3,79,0.4430379746835443,3489.4755696202533,73.0,6022343.84,4268917.03
Cassey Nicholson,2025Q4,83,0.2891566265060241,3716.527951807229,80.26388888888889,4268917.03,
Corliss Hillebrand,2022Q1,60,0.43333333333333335,3820.2648333333336,81.6078431372549,948115.36,4549623.71
Corliss Hillebrand,2022Q2,65,0.2923076923076923,3805.5563076923077,77.9090909090909,4549623.71,4043348.22
Corliss Hillebrand,2022Q3,52,0.3076923076923077,3835.229230769231,78.08888888888889,4043348.22,4308435.84
Corliss Hillebrand,2022Q4,75,0.38666666666666666,3549.931066666667,75.02898550724638,4308435.84,5796236.54
Corliss Hillebrand,2023Q1,80,0.4625,3631.3445,76.93150684931507,5796236.54,5807359.649999999
Corliss Hillebrand,2023Q2,64,0.234375,3692.5529687499998,80.82692307692308,5807359.649999999,4042060.59
Corliss Hillebrand,2023Q3,59,0.4576271186440678,3691.139152542373,80.58,4042060.59,4268139.58
Corliss Hillebrand,2023Q4,61,0.29508196721311475,3904.199836065574,80.58695652173913,4268139.58,4202770.75
Corliss Hillebrand,2024Q1,77,0.4805194805194805,3640.81012987013,77.40298507462687,4202770.75,8087147.83
Corliss Hillebrand,2024Q2,57,0.45614035087719296,3556.3926315789477,76.94117647058823,8087147.83,6526334.55
Corliss Hillebrand,2024Q3,70,0.44285714285714284,3426.158142857143,73.88524590163935,6526334.55,6690217.63
Corliss Hillebrand,2024Q4,71,0.4225352112676056,3599.2950704225354,75.62903225806451,6690217.63,6011021.39
Corliss Hillebrand,2025Q1,96,0.4166666666666667,3620.556875,77.69135802469135,6011021.39,5914391.38
Corliss Hillebrand,2025Q2,62,0.4032258064516129,3626.5374193548387,77.75471698113208,5914391.38,5051200.5
Corliss Hillebrand,2025Q3,69,0.4492753623188406,3612.9865217391307,75.65454545454546,5051200.5,5776801.390000001
Corliss Hillebrand,2025Q4,85,0.35294117647058826,3720.515294117647,80.61111111111111,5776801.390000001,
Corliss Marconi,2022Q1,70,0.35714285714285715,3541.1568571428575,77.89090909090909,622613.5599999999,4085200.94
Corliss Marconi,2022Q2,60,0.21666666666666667,3547.5353333333333,72.94871794871794,4085200.94,2925893.86
Corliss Marconi,2022Q3,67,0.40298507462686567,3536.1753731343283,74.95,2925893.86,4906456.55
Corliss Marconi,2022Q4,49,0.32653061224489793,3804.250612244898,77.02380952380952,4906456.55,4320315.55
Corliss Marconi,2023Q1,77,0.36363636363636365,3592.749610389611,73.77049180327869,4320315.55,5182240.11
Corliss Marconi,2023Q2,69,0.37681159420289856,3441.3686956521738,74.76190476190476,5182240.11,4542810.3
Corliss Marconi,2023Q3,66,0.3181818181818182,3726.655606060606,77.08928571428571,4542810.3,4264741.79
Corliss Marconi,2023Q4,71,0.39436619718309857,3427.4611267605633,70.51612903225806,4264741.79,5193709.47
Corliss Marconi,2024Q1,92,0.3804347826086957,3572.5222826086956,75.57894736842105,5193709.47,7109557.59
Corliss Marconi,2024Q2,73,0.3698630136986301,3627.641643835617,74.73684210526316,7109557.59,4250515.91
Corliss Marconi,2024Q3,69,0.2463768115942029,3738.240579710145,83.76363636363637,4250515.91,3800846.4699999997
Corliss Marconi,2024Q4,74,0.43243243243243246,3650.6791891891894,80.3015873015873,3800846.4699999997,5502239.08
Corliss Marconi,2025Q1,84,0.4166666666666667,3605.1939285714284,74.34615384615384,5502239.08,7142633.07
Corliss Marconi,2025Q2,75,0.30666666666666664,3741.1822666666662,81.34328358208955,7142633.07,5820557.72
Corliss Marconi,2025Q3,79,0.4430379746835443,3599.419240506329,76.41428571428571,5820557.72,6589394.68
Corliss Marconi,2025Q4,83,0.4578313253012048,3672.994578313253,81.20779220779221,6589394.68,
Gaston Berthelot,2022Q1,55,0.2727272727272727,3867.5478181818185,78.81818181818181,1088172.19,2594393.64
Gaston Berthelot,2022Q2,53,0.3018867924528302,3542.067547169811,75.21951219512195,2594393.64,3547424.71
Gaston Berthelot,2022Q3,63,0.30158730158730157,3725.8542857142857,80.36,3547424.71,4545505.52
Gaston Berthelot,2022Q4,67,0.31343283582089554,3607.6801492537315,77.73214285714286,4545505.52,4514409.6899999995
Gaston Berthelot,2023Q1,61,0.4098360655737705,3522.5522950819673,75.58181818181818,4514409.6899999995,4436229.3
Gaston Berthelot,2023Q2,73,0.3561643835616438,3621.292191780822,76.57377049180327,4436229.3,3945035.72
Gaston Berthelot,2023Q3,67,0.3283582089552239,3579.7922388059706,76.49056603773585,3945035.72,3827427.04
Gaston Berthelot,2023Q4,75,0.36,3748.077333333333,80.71212121212122,3827427.04,6980475.42
Gaston Berthelot,2024Q1,88,0.42045454545454547,3624.2454545454543,78.0,6980475.42,7169260.14
Gaston Berthelot,2024Q2,86,0.46511627906976744,3650.561511627907,77.10958904109589,7169260.14,7550319.28
Gaston Berthelot,2024Q3,90,0.43333333333333335,3576.8834444444446,75.67901234567901,7550319.28,6812358.66
Gaston Berthelot,2024Q4,70,0.42857142857142855,3557.4197142857142,77.0952380952381,6812358.66,7156286.98
Gaston Berthelot,2025Q1,87,0.39080459770114945,3540.934137931035,75.15789473684211,7156286.98,4468625.92
Gaston Berthelot,2025Q2,71,0.4507042253521127,3680.402957746479,77.65079365079364,4468625.92,6583561.62
Gaston Berthelot,2025Q3,68,0.4264705882352941,3641.2348529411765,76.76923076923077,6583561.62,5144229.63
Gaston Berthelot,2025Q4,78,0.358974358974359,3707.0738461538463,79.98550724637681,5144229.63,
Gaston Grunwald,2022Q1,70,0.4142857142857143,3539.972714285714,72.96428571428571,1003040.88,5456042.12
Gaston Grunwald,2022Q2,64,0.28125,3831.90828125,80.85454545454546,5456042.12,3573595.57
Gaston Grunwald,2022Q3,59,0.423728813559322,3819.7094915254233,81.17307692307692,3573595.57,5001918.93
Gaston Grunwald,2022Q4,52,0.3269230769230769,3597.4351923076924,73.70731707317073,5001918.93,4402241.08
Gaston Grunwald,2023Q1,82,0.32926829268292684,3693.021219512195,79.4927536231884,4402241.08,4808913.83
Gaston Grunwald,2023Q2,78,0.38461538461538464,3625.3039743589748,77.8923076923077,4808913.83,5617789.9
Gaston Grunwald,2023Q3,76,0.2894736842105263,3794.4267105263157,83.06060606060606,5617789.9,5362033.98
Gaston Grunwald,2023Q4,80,0.375,3686.4056250000003,76.70422535211267,5362033.98,5366567.74
Gaston Grunwald,2024Q1,71,0.43661971830985913,3657.391408450704,76.42372881355932,5366567.74,5626807.36
Gaston Grunwald,2024Q2,69,0.463768115942029,3427.6446376811596,74.35714285714286,5626807.36,5678809.06
Gaston Grunwald,2024Q3,72,0.4166666666666667,3650.0318055555554,80.88524590163935,5678809.06,6536666.68
Gaston Grunwald,2024Q4,95,0.37894736842105264,3633.136526315789,79.42168674698796,6536666.68,6825322.54
Gaston Grunwald,2025Q1,79,0.3037974683544304,3717.64417721519,77.2394366197183,6825322.54,5368486.9
Gaston Grunwald,2025Q2,93,0.44086021505376344,3637.729247311828,78.35,5368486.9,9418508.57
Gaston Grunwald,2025Q3,107,0.35514018691588783,3625.943831775701,77.5764705882353,9418508.57,6848738.0
Gaston Grunwald,2025Q4,81,0.32098765432098764,3693.1743209876545,81.37142857142857,6848738.0,
Gaston Nicholson,2022Q1,50,0.38,3574.8856,72.02439024390245,911178.3300000001,4282841.72
Gaston Nicholson,2022Q2,56,0.5178571428571429,3705.6982142857146,76.73913043478261,4282841.72,6642232.01
Gaston Nicholson,2022Q3,58,0.3275862068965517,3631.96275862069,77.65957446808511,6642232.01,3880589.44
Gaston Nicholson,2022Q4,62,0.41935483870967744,3703.8390322580644,78.85185185185185,3880589.44,4740529.22
Gaston Nicholson,2023Q1,87,0.40229885057471265,3624.25091954023,78.35,4740529.22,6296744.44
Gaston Nicholson,2023Q2,55,0.41818181818181815,3481.2283636363636,73.58333333333333,6296744.44,4447478.96
Gaston Nicholson,2023Q3,58,0.4482758620689655,3627.044310344828,74.79591836734694,4447478.96,5673113.88
Gaston Nicholson,2023Q4,62,0.4032258064516129,3566.667258064516,77.38775510204081,5673113.88,4557616.86
Gaston Nicholson,2024Q1,91,0.43956043956043955,3664.323956043956,75.65277777777777,4557616.86,7587257.46
Gaston Nicholson,2024Q2,76,0.35526315789473684,3553.6801315789476,77.56923076923077,7587257.46,4602035.0200000005
Gaston Nicholson,2024Q3,74,0.2972972972972973,3525.0274324324323,76.49180327868852,4602035.0200000005,4115452.86
Gaston Nicholson,2024Q4,70,0.35714285714285715,3605.4945714285714,76.49152542372882,4115452.86,4557295.75
Gaston Nicholson,2025Q1,85,0.3764705882352941,3793.5934117647057,81.73611111111111,4557295.75,7254723.91
Gaston Nicholson,2025Q2,74,0.33783783783783783,3650.3175675675675,76.21311475409836,7254723.91,5308189.33
Gaston Nicholson,2025Q3,90,0.4,3643.663,79.97297297297297,5308189.33,6399668.55
Gaston Nicholson,2025Q4,67,0.3880597014925373,3653.0392537313433,77.45614035087719,6399668.55,
Gaston Purl,2022Q1,72,0.4166666666666667,3666.9927777777775,80.35384615384615,1450063.77,3695373.83
Gaston Purl,2022Q2,30,0.23333333333333334,3633.0673333333334,75.88,3695373.83,2913746.59
Gaston Purl,2022Q3,60,0.35,3810.6815,82.0,2913746.59,3481142.21
Gaston Purl,2022Q4,58,0.3448275862068966,3677.897413793103,74.20408163265306,3481142.21,4736117.83
Gaston Purl,2023Q1,78,0.358974358974359,3658.8276923076924,78.49230769230769,4736117.83,6863611.05
Gaston Purl,2023Q2,54,0.5185185185185185,3680.3464814814815,74.95833333333333,6863611.05,4584240.46
Gaston Purl,2023Q3,63,0.42857142857142855,3619.616666666667,76.10526315789474,4584240.46,6261129.43
Gaston Purl,2023Q4,80,0.4,3588.21,73.41666666666667,6261129.43,6406364.61
Gaston Purl,2024Q1,80,0.45,3584.532875,78.11267605633803,6406364.61,6731833.71
Gaston Purl,2024Q2,76,0.4342105263157895,3510.157368421053,77.3623188405797,6731833.71,6330953.76
Gaston Purl,2024Q3,68,0.36764705882352944,3601.3839705882356,74.93103448275862,6330953.76,3668383.52
Gaston Purl,2024Q4,76,0.3157894736842105,3524.6925,76.85074626865672,3668383.52,5006585.98
Gaston Purl,2025Q1,80,0.425,3684.2870000000003,78.35820895522389,5006585.98,6917971.59
Gaston Purl,2025Q2,74,0.32432432432432434,3719.4993243243243,79.47457627118644,6917971.59,5022976.0
Gaston Purl,2025Q3,77,0.36363636363636365,3623.0499999999997,76.82352941176471,5022976.0,5604859.4399999995
Gaston Purl,2025Q4,77,0.37662337662337664,3744.301168831169,81.61764705882354,5604859.4399999995,
Gaston Sturm,2022Q1,54,0.42592592592592593,3555.3214814814814,77.47916666666667,528418.16,4495604.15
Gaston Sturm,2022Q2,60,0.43333333333333335,3723.7311666666665,80.71428571428571,4495604.15,7364163.79
Gaston Sturm,2022Q3,63,0.4603174603174603,3698.9947619047616,77.58490566037736,7364163.79,4155762.94
Gaston Sturm,2022Q4,38,0.3684210526315789,3607.499736842105,77.51515151515152,4155762.94,3572896.36
Gaston Sturm,2023Q1,65,0.36923076923076925,3660.9956923076925,77.62068965517241,3572896.36,4020470.11
Gaston Sturm,2023Q2,49,0.5306122448979592,3645.968775510204,79.85714285714286,4020470.11,7448570.94
Gaston Sturm,2023Q3,76,0.32894736842105265,3655.629736842105,77.56716417910448,7448570.94,3599795.36
Gaston Sturm,2023Q4,59,0.4067796610169492,3662.135084745763,76.6078431372549,3599795.36,5021243.4
Gaston Sturm,2024Q1,89,0.33707865168539325,3576.6744943820227,72.36619718309859,5021243.4,5668977.38
Gaston Sturm,2024Q2,71,0.49295774647887325,3592.4964788732395,78.15384615384616,5668977.38,6361863.53
Gaston Sturm,2024Q3,77,0.4025974025974026,3569.4494805194804,78.0,6361863.53,6142275.67
Gaston Sturm,2024Q4,88,0.3977272727272727,3505.9161363636363,75.24657534246575,6142275.67,5972129.33
Gaston Sturm,2025Q1,86,0.38372093023255816,3547.719534883721,76.67605633802818,5972129.33,5055409.96
Gaston Sturm,2025Q2,103,0.33980582524271846,3535.8093203883495,77.51764705882353,5055409.96,6653484.5
Gaston Sturm,2025Q3,80,0.3125,3683.812375,78.62121212121212,6653484.5,5532829.73
Gaston Sturm,2025Q4,70,0.3142857142857143,3708.502428571429,79.50877192982456,5532829.73,
Jonathan Berthelot,2022Q1,59,0.3559322033898305,3761.5094915254235,79.0,1012188.47,4818820.91
Jonathan Berthelot,2022Q2,57,0.3157894736842105,3622.0284210526315,77.83673469387755,4818820.91,3430878.31
Jonathan Berthelot,2022Q3,41,0.3902439024390244,3728.7617073170736,78.10810810810811,3430878.31,3978099.99
Jonathan Berthelot,2022Q4,48,0.3958333333333333,3539.2075,74.925,3978099.99,4422800.63
Jonathan Berthelot,2023Q1,72,0.4027777777777778,3613.268611111111,77.953125,4422800.63,4072968.68
Jonathan Berthelot,2023Q2,60,0.3,3712.1438333333335,80.74,4072968.68,4690803.62
Jonathan Berthelot,2023Q3,70,0.37142857142857144,3824.6540000000005,78.76470588235294,4690803.62,5659987.34
Jonathan Berthelot,2023Q4,67,0.3880597014925373,3618.409552238806,78.6470588235294,5659987.34,5555821.84
Jonathan Berthelot,2024Q1,85,0.38823529411764707,3683.0537647058823,79.64935064935065,5555821.84,5821425.9399999995
Jonathan Berthelot,2024Q2,76,0.42105263157894735,3729.499473684211,81.65671641791045,5821425.9399999995,7636205.85
Jonathan Berthelot,2024Q3,84,0.4166666666666667,3606.2554761904767,77.39473684210526,7636205.85,6309101.23
Jonathan Berthelot,2024Q4,72,0.3194444444444444,3583.7077777777777,76.11290322580645,6309101.23,5591452.5
Jonathan Berthelot,2025Q1,95,0.30526315789473685,3778.7364210526316,79.46666666666667,5591452.5,6804037.13
Jonathan Berthelot,2025Q2,63,0.4603174603174603,3674.6111111111113,80.80357142857143,6804037.13,5526532.41
Jonathan Berthelot,2025Q3,86,0.3488372093023256,3690.8404651162796,79.08108108108108,5526532.41,4877502.96
Jonathan Berthelot,2025Q4,69,0.36231884057971014,3512.291304347826,76.2280701754386,4877502.96,
Jonathan Everman,2022Q1,61,0.3442622950819672,3484.6683606557376,74.74,589589.96,4037766.07
Jonathan Everman,2022Q2,57,0.43859649122807015,3510.681403508772,75.26530612244898,4037766.07,3967871.34
Jonathan Everman,2022Q3,48,0.22916666666666666,3709.0916666666667,75.70731707317073,3967871.34,2620845.51
Jonathan Everman,2022Q4,64,0.359375,3549.906875,75.5925925925926,2620845.51,4505668.08
Jonathan Everman,2023Q1,80,0.4375,3662.1136250000004,80.1304347826087,4505668.08,7061217.17
Jonathan Everman,2023Q2,53,0.41509433962264153,3650.1056603773586,78.54166666666667,7061217.17,3934354.94
Jonathan Everman,2023Q3,71,0.38028169014084506,3607.4160563380283,77.7719298245614,3934354.94,4647318.3100000005
Jonathan Everman,2023Q4,47,0.5106382978723404,3483.8317021276594,72.33333333333333,4647318.3100000005,5442861.17
Jonathan Everman,2024Q1,86,0.4418604651162791,3528.5853488372095,77.31944444444444,5442861.17,8039662.66
Jonathan Everman,2024Q2,62,0.3870967741935484,3649.909032258064,73.72549019607843,8039662.66,6319416.54
Jonathan Everman,2024Q3,91,0.38461538461538464,3725.6631868131867,79.34117647058824,6319416.54,6353827.66
Jonathan Everman,2024Q4,80,0.3875,3642.6952499999998,76.58461538461539,6353827.66,7120811.97
Jonathan Everman,2025Q1,90,0.3888888888888889,3767.461111111111,82.325,7120811.97,6759847.63
Jonathan Everman,2025Q2,84,0.35714285714285715,3704.467738095238,78.7605633802817,6759847.63,5797642.2299999995
Jonathan Everman,2025Q3,69,0.4057971014492754,3771.4991304347827,80.03333333333333,5797642.2299999995,4859576.03
Jonathan Everman,2025Q4,71,0.39436619718309857,3746.1374647887324,76.10909090909091,4859576.03,
Jonathan Hendon,2022Q1,63,0.4444444444444444,3486.7955555555554,75.28301886792453,1393403.43,5083241.4
Jonathan Hendon,2022Q2,71,0.352112676056338,3557.7942253521123,75.28070175438596,5083241.4,4873124.39
Jonathan Hendon,2022Q3,49,0.4489795918367347,3698.3718367346937,76.88636363636364,4873124.39,3937935.7
Jonathan Hendon,2022Q4,43,0.23255813953488372,3835.9144186046515,81.57575757575758,3937935.7,3846025.7199999997
Jonathan Hendon,2023Q1,93,0.40860215053763443,3622.1561290322584,78.27380952380952,3846025.7199999997,6081673.21
Jonathan Hendon,2023Q2,60,0.38333333333333336,3550.445,77.5,6081673.21,5669786.33
Jonathan Hendon,2023Q3,71,0.4647887323943662,3511.1387323943663,74.359375,5669786.33,5704601.61
Jonathan Hendon,2023Q4,59,0.2711864406779661,3554.722033898305,78.85106382978724,5704601.61,2624797.91
Jonathan Hendon,2024Q1,92,0.358695652173913,3632.301304347826,76.775,2624797.91,7496877.23
Jonathan Hendon,2024Q2,99,0.36363636363636365,3591.195151515152,76.63855421686748,7496877.23,6517276.81
Jonathan Hendon,2024Q3,75,0.4,3503.655466666666,73.96491228070175,6517276.81,5299114.45
Jonathan Hendon,2024Q4,81,0.2716049382716049,3772.130617283951,80.21666666666667,5299114.45,5329317.36
Jonathan Hendon,2025Q1,98,0.41836734693877553,3648.195816326531,76.02325581395348,5329317.36,8233666.09
Jonathan Hendon,2025Q2,69,0.4057971014492754,3434.628695652174,71.53571428571429,8233666.09,6898079.38
Jonathan Hendon,2025Q3,92,0.391304347826087,3647.782826086957,76.46913580246914,6898079.38,6888672.82
Jonathan Hendon,2025Q4,77,0.42857142857142855,3794.8110389610392,79.43076923076923,6888672.82,
Jonathan Marconi,2022Q1,54,0.2962962962962963,3735.024259259259,83.23404255319149,489176.13999999996,3672410.25
Jonathan Marconi,2022Q2,58,0.5172413793103449,3419.1389655172416,73.8076923076923,3672410.25,5856858.5
Jonathan Marconi,2022Q3,62,0.41935483870967744,3545.048709677419,77.04166666666667,5856858.5,4344271.31
Jonathan Marconi,2022Q4,49,0.4489795918367347,3630.7461224489793,77.66666666666667,4344271.31,4686226.29
Jonathan Marconi,2023Q1,67,0.417910447761194,3595.093582089552,76.34545454545454,4686226.29,4597543.52
Jonathan Marconi,2023Q2,74,0.4189189189189189,3512.635945945946,76.6923076923077,4597543.52,5776408.2
Jonathan Marconi,2023Q3,57,0.40350877192982454,3543.737543859649,75.15686274509804,5776408.2,3679134.35
Jonathan Marconi,2023Q4,77,0.35064935064935066,3707.955974025974,77.21052631578948,3679134.35,5786027.35
Jonathan Marconi,2024Q1,88,0.3977272727272727,3703.9692045454544,78.21428571428571,5786027.35,7636396.43
Jonathan Marconi,2024Q2,88,0.3068181818181818,3631.476590909091,77.49350649350649,7636396.43,4897630.33
Jonathan Marconi,2024Q3,77,0.3246753246753247,3637.603116883117,80.07692307692308,4897630.33,4693051.37
Jonathan Marconi,2024Q4,76,0.34210526315789475,3628.2351315789474,77.18461538461538,4693051.37,4561439.6
Jonathan Marconi,2025Q1,71,0.323943661971831,3640.9274647887323,76.66666666666667,4561439.6,4821260.64
Jonathan Marconi,2025Q2,72,0.375,3602.9424999999997,77.15517241379311,4821260.64,6337377.42
Jonathan Marconi,2025Q3,81,0.4444444444444444,3595.9914814814815,77.41428571428571,6337377.42,6551075.15
Jonathan Marconi,2025Q4,77,0.4155844155844156,3594.4076623376627,78.15942028985508,6551075.15,
Kami Cordell,2022Q1,65,0.4461538461538462,3699.7855384615386,77.71666666666667,1815374.09,6016023.95
Kami Cordell,2022Q2,54,0.4444444444444444,3465.2857407407405,72.15217391304348,6016023.95,4355280.33
Kami Cordell,2022Q3,59,0.3898305084745763,3567.1794915254236,75.05882352941177,4355280.33,4546827.33
Kami Cordell,2022Q4,51,0.27450980392156865,3592.567843137255,76.66666666666667,4546827.33,2490101.51
Kami Cordell,2023Q1,75,0.4,3528.2136,75.66129032258064,2490101.51,6623445.25
Kami Cordell,2023Q2,68,0.36764705882352944,3654.078382352941,74.91379310344827,6623445.25,5348833.3
Kami Cordell,2023Q3,88,0.48863636363636365,3774.0892045454543,75.06944444444444,5348833.3,8819588.83
Kami Cordell,2023Q4,69,0.34782608695652173,3817.6507246376814,79.16949152542372,8819588.83,5198962.45
Kami Cordell,2024Q1,80,0.3,3654.24775,76.62121212121212,5198962.45,4490960.78
Kami Cordell,2024Q2,70,0.35714285714285715,3816.463857142857,80.32203389830508,4490960.78,7258260.91
Kami Cordell,2024Q3,70,0.45714285714285713,3595.1407142857142,75.93548387096774,7258260.91,4496467.61
Kami Cordell,2024Q4,87,0.28735632183908044,3693.8798850574713,78.63636363636364,4496467.61,5690287.6
Kami Cordell,2025Q1,105,0.38095238095238093,3584.263238095238,76.88297872340425,5690287.6,7132786.78
Kami Cordell,2025Q2,80,0.2625,3737.463875,83.07692307692308,7132786.78,5060582.77
Kami Cordell,2025Q3,93,0.3010752688172043,3709.0166666666664,78.22077922077922,5060582.77,4706287.62
Kami Cordell,2025Q4,78,0.28205128205128205,3670.9512820512823,76.0625,4706287.62,
Kami Herrold,2022Q1,78,0.44871794871794873,3624.57141025641,77.51470588235294,2028087.69,5302068.81
Kami Herrold,2022Q2,60,0.31666666666666665,3867.2201666666665,81.18367346938776,5302068.81,4206739.45
Kami Herrold,2022Q3,56,0.44642857142857145,3539.7332142857144,73.91489361702128,4206739.45,5309259.74
Kami Herrold,2022Q4,53,0.37735849056603776,3616.055094339623,75.44186046511628,5309259.74,3318851.83
Kami Herrold,2023Q1,72,0.2777777777777778,3814.8344444444447,84.71641791044776,3318851.83,4337721.81
Kami Herrold,2023Q2,63,0.4126984126984127,3509.118095238095,71.54385964912281,4337721.81,5833549.26
Kami Herrold,2023Q3,74,0.47297297297297297,3472.593918918919,70.8,5833549.26,6165742.58
Kami Herrold,2023Q4,63,0.4444444444444444,3639.7023809523807,78.3921568627451,6165742.58,6445468.78
Kami Herrold,2024Q1,86,0.3488372093023256,3551.756395348837,74.74324324324324,6445468.78,6972134.57
Kami Herrold,2024Q2,74,0.43243243243243246,3544.900675675676,74.93333333333334,6972134.57,5429170.33
Kami Herrold,2024Q3,86,0.3488372093023256,3675.5793023255815,80.72727272727273,5429170.33,7876066.57
Kami Herrold,2024Q4,87,0.4827586206896552,3658.8619540229884,77.6,7876066.57,7044459.72
Kami Herrold,2025Q1,87,0.39080459770114945,3836.2717241379314,80.59210526315789,7044459.72,7002615.85
Kami Herrold,2025Q2,70,0.42857142857142855,3598.864285714286,75.53846153846153,7002615.85,5817896.35
Kami Herrold,2025Q3,98,0.3469387755102041,3779.7077551020407,80.88157894736842,5817896.35,6932525.63
Kami Herrold,2025Q4,93,0.3548387096774194,3639.417311827957,75.44303797468355,6932525.63,
Kary Marconi,2022Q1,74,0.3108108108108108,3618.939189189189,77.7936507936508,357858.04000000004,5290326.28
Kary Marconi,2022Q2,67,0.373134328358209,3560.2679104477616,79.25396825396825,5290326.28,5025081.33
Kary Marconi,2022Q3,64,0.34375,3675.08296875,76.59615384615384,5025081.33,3762225.04
Kary Marconi,2022Q4,42,0.23809523809523808,3629.185,82.69444444444444,3762225.04,3498068.5500000003
Kary Marconi,2023Q1,74,0.44594594594594594,3644.6367567567568,77.24590163934427,3498068.5500000003,5918921.28
Kary Marconi,2023Q2,73,0.2465753424657534,3610.6334246575343,76.23728813559322,5918921.28,4119983.9299999997
Kary Marconi,2023Q3,70,0.38571428571428573,3652.650714285714,80.41666666666667,4119983.9299999997,5333262.35
Kary Marconi,2023Q4,62,0.5161290322580645,3658.095322580645,79.23214285714286,5333262.35,6139905.76
Kary Marconi,2024Q1,89,0.38202247191011235,3612.455617977528,78.175,6139905.76,6579047.15
Kary Marconi,2024Q2,75,0.37333333333333335,3617.3262666666665,75.77941176470588,6579047.15,5286665.81
Kary Marconi,2024Q3,68,0.3382352941176471,3773.4754411764707,80.0,5286665.81,4468435.11
Kary Marconi,2024Q4,67,0.43283582089552236,3630.9816417910447,79.8135593220339,4468435.11,4923312.58
Kary Marconi,2025Q1,81,0.37037037037037035,3802.360617283951,80.72727272727273,4923312.58,6276529.81
Kary Marconi,2025Q2,80,0.4125,3587.2555,77.3943661971831,6276529.81,6086838.42
Kary Marconi,2025Q3,86,0.32558139534883723,3751.1612790697673,80.64864864864865,6086838.42,4518577.98
Kary Marconi,2025Q4,74,0.3783783783783784,3602.8785135135136,77.6842105263158,4518577.98,
Marty Everman,2022Q1,60,0.38333333333333336,3793.6679999999997,80.32,488478.56000000006,5818722.61
Marty Everman,2022Q2,43,0.4418604651162791,3464.8213953488375,78.2,5818722.61,3572391.72
Marty Everman,2022Q3,66,0.3333333333333333,3671.120454545455,80.04918032786885,3572391.72,4452201.41
Marty Everman,2022Q4,62,0.4838709677419355,3615.6343548387094,77.5925925925926,4452201.41,5639696.2700000005
Marty Everman,2023Q1,75,0.4,3704.635466666666,79.5223880597015,5639696.2700000005,5724649.11
Marty Everman,2023Q2,70,0.34285714285714286,3768.0377142857146,80.07936507936508,5724649.11,6093633.25
Marty Everman,2023Q3,65,0.49230769230769234,3614.9623076923076,74.70175438596492,6093633.25,5925360.75
Marty Everman,2023Q4,61,0.4426229508196721,3487.186557377049,74.58,5925360.75,6276329.67
Marty Everman,2024Q1,74,0.527027027027027,3440.416216216216,70.40298507462687,6276329.67,6242278.57
Marty Everman,2024Q2,71,0.38028169014084506,3731.069295774648,78.96610169491525,6242278.57,5666341.71
Marty Everman,2024Q3,77,0.2987012987012987,3665.3636363636365,77.15873015873017,5666341.71,4768532.82
Marty Everman,2024Q4,87,0.367816091954023,3604.171034482759,77.22077922077922,4768532.82,6181879.25
Marty Everman,2025Q1,96,0.3854166666666667,3831.3216666666667,80.51162790697674,6181879.25,6014328.79
Marty Everman,2025Q2,69,0.37681159420289856,3615.2123188405794,76.07936507936508,6014328.79,5986876.85
Marty Everman,2025Q3,80,0.3375,3548.09925,76.26470588235294,5986876.85,5266202.08
Marty Everman,2025Q4,75,0.4,3746.3728,79.42424242424242,5266202.08,
Marty Marconi,2022Q1,71,0.4647887323943662,3680.4295774647885,79.12068965517241,868921.95,7552147.49
Marty Marconi,2022Q2,47,0.3617021276595745,3687.326595744681,79.78947368421052,7552147.49,3864220.8400000003
Marty Marconi,2022Q3,64,0.421875,3473.6359375,72.0925925925926,3864220.8400000003,4860266.98
Marty Marconi,2022Q4,56,0.4107142857142857,3494.500892857143,75.17777777777778,4860266.98,4598641.32
Marty Marconi,2023Q1,64,0.421875,3441.2078125,75.0677966101695,4598641.32,4185761.19
Marty Marconi,2023Q2,66,0.36363636363636365,3518.0569696969696,77.64516129032258,4185761.19,3670729.45
Marty Marconi,2023Q3,64,0.296875,3602.25765625,76.32142857142857,3670729.45,4892874.62
Marty Marconi,2023Q4,81,0.32098765432098764,3644.697777777778,79.97142857142858,4892874.62,5380919.67
Marty Marconi,2024Q1,85,0.43529411764705883,3558.9682352941177,76.83333333333333,5380919.67,6210104.1
Marty Marconi,2024Q2,77,0.36363636363636365,3565.0332467532467,76.03225806451613,6210104.1,4737408.78
Marty Marconi,2024Q3,76,0.27631578947368424,3838.6430263157895,82.61764705882354,4737408.78,5339586.6
Marty Marconi,2024Q4,68,0.36764705882352944,3559.9088235294116,77.03703703703704,5339586.6,3387143.13
Marty Marconi,2025Q1,71,0.3380281690140845,3549.5252112676058,77.33962264150944,3387143.13,5402002.95
Marty Marconi,2025Q2,69,0.36231884057971014,3741.403623188406,76.93103448275862,5402002.95,4617299.27
Marty Marconi,2025Q3,79,0.4050632911392405,3660.364303797468,78.77941176470588,4617299.27,5764458.37
Marty Marconi,2025Q4,78,0.3717948717948718,3530.32,76.51470588235294,5764458.37,
Marty Vinning,2022Q1,62,0.46774193548387094,3647.0037096774195,75.88888888888889,1607567.77,5402757.78
Marty Vinning,2022Q2,62,0.3064516129032258,3689.483548387097,78.6,5402757.78,2982295.71
Marty Vinning,2022Q3,64,0.359375,3607.43765625,80.33898305084746,2982295.71,3633840.73
Marty Vinning,2022Q4,67,0.3283582089552239,3665.340895522388,79.5,3633840.73,5774735.58
Marty Vinning,2023Q1,77,0.4155844155844156,3650.568701298701,76.25714285714285,5774735.58,5015845.58
Marty Vinning,2023Q2,71,0.43661971830985913,3661.744929577465,80.24615384615385,5015845.58,6073924.98
Marty Vinning,2023Q3,56,0.2857142857142857,3900.96875,83.37777777777778,6073924.98,3461017.84
Marty Vinning,2023Q4,75,0.41333333333333333,3735.8237333333336,78.3015873015873,3461017.84,8048742.21
Marty Vinning,2024Q1,81,0.41975308641975306,3595.2197530864196,79.87142857142857,8048742.21,6290929.64
Marty Vinning,2024Q2,68,0.36764705882352944,3665.117205882353,78.61818181818182,6290929.64,4372291.97
Marty Vinning,2024Q3,69,0.43478260869565216,3745.0371014492753,80.12280701754386,4372291.97,7172306.79
Marty Vinning,2024Q4,87,0.367816091954023,3722.4895402298853,77.17567567567568,7172306.79,6508172.28
Marty Vinning,2025Q1,109,0.3486238532110092,3446.2305504587157,75.11111111111111,6508172.28,8079784.19
Marty Vinning,2025Q2,86,0.3953488372093023,3615.6677906976743,78.36,8079784.19,5547737.45
Marty Vinning,2025Q3,88,0.375,3686.996477272727,78.04109589041096,5547737.45,6520592.4799999995
Marty Vinning,2025Q4,72,0.4444444444444444,3594.7670833333336,76.50769230769231,6520592.4799999995,
Niesha Cordell,2022Q1,64,0.3125,3880.87703125,83.42372881355932,512008.4,4150680.52
Niesha Cordell,2022Q2,61,0.29508196721311475,3579.970655737705,78.4,4150680.52,4666018.87
Niesha Cordell,2022Q3,57,0.5087719298245614,3689.566140350877,75.82352941176471,4666018.87,5659597.39
Niesha Cordell,2022Q4,47,0.425531914893617,3777.8474468085105,80.85714285714286,5659597.39,4364859.46
Niesha Cordell,2023Q1,80,0.425,3592.1746249999997,77.84507042253522,4364859.46,5818364.57
Niesha Cordell,2023Q2,59,0.2711864406779661,3543.657966101695,76.81632653061224,5818364.57,4334937.04
Niesha Cordell,2023Q3,61,0.4098360655737705,3671.473442622951,78.86792452830188,4334937.04,5502675.84
Niesha Cordell,2023Q4,71,0.38028169014084506,3541.804647887324,77.98387096774194,5502675.84,4839371.59
Niesha Cordell,2024Q1,77,0.4155844155844156,3562.58025974026,74.40983606557377,4839371.59,5791245.51
Niesha Cordell,2024Q2,77,0.3246753246753247,3674.1802597402598,79.23188405797102,5791245.51,4325499.7700000005
Niesha Cordell,2024Q3,61,0.32786885245901637,3617.2101639344264,77.91666666666667,4325499.7700000005,4928729.74
Niesha Cordell,2024Q4,64,0.4375,3568.49,77.07272727272728,4928729.74,5963184.72
Niesha Cordell,2025Q1,96,0.40625,3687.1688541666667,78.62068965517241,5963184.72,8194377.5600000005
Niesha Cordell,2025Q2,66,0.42424242424242425,3591.0362121212124,77.49152542372882,8194377.5600000005,5404423.76
Niesha Cordell,2025Q3,88,0.375,3586.864545454546,77.95890410958904,5404423.76,6775258.23
Niesha Cordell,2025Q4,101,0.27722772277227725,3747.94801980198,76.05,6775258.23,
Niesha Everman,2022Q1,71,0.4225352112676056,3648.2177464788733,78.6875,1912743.6,4507150.2
Niesha Everman,2022Q2,57,0.3508771929824561,3593.9501754385965,76.875,4507150.2,4191847.57
Niesha Everman,2022Q3,63,0.3492063492063492,3623.3898412698413,76.52830188679245,4191847.57,4123398.21
Niesha Everman,2022Q4,56,0.39285714285714285,3767.3050000000003,81.95744680851064,4123398.21,4407339.71
Niesha Everman,2023Q1,63,0.42857142857142855,3581.7885714285712,78.0,4407339.71,3944213.31
Niesha Everman,2023Q2,64,0.34375,3709.701875,80.0,3944213.31,4587697.9
Niesha Everman,2023Q3,70,0.37142857142857144,3714.2415714285717,79.80952380952381,4587697.9,5372373.12
Niesha Everman,2023Q4,60,0.3333333333333333,3678.4526666666666,77.14285714285714,5372373.12,4253914.62
Niesha Everman,2024Q1,92,0.3695652173913043,3730.543260869565,79.51948051948052,4253914.62,5719696.96
Niesha Everman,2024Q2,81,0.35802469135802467,3643.8214814814814,78.28985507246377,5719696.96,6501485.22
Niesha Everman,2024Q3,92,0.3695652173913043,3726.2505434782606,77.72727272727273,6501485.22,5995245.07
Niesha Everman,2024Q4,69,0.37681159420289856,3743.2171014492756,85.08620689655173,5995245.07,4677984.7
Niesha Everman,2025Q1,103,0.3106796116504854,3669.9573786407764,79.44827586206897,4677984.7,7328870.79
Niesha Everman,2025Q2,86,0.3953488372093023,3700.645697674419,79.33333333333333,7328870.79,8047085.64
Niesha Everman,2025Q3,103,0.4077669902912621,3637.9982524271845,75.19318181818181,8047085.64,8260438.81
Niesha Everman,2025Q4,70,0.4,3617.6632857142854,75.32758620689656,8260438.81,
Niesha Gauna,2022Q1,57,0.3508771929824561,3613.6342105263157,76.47619047619048,640507.61,3764271.84
Niesha Gauna,2022Q2,40,0.35,3658.29,79.1470588235294,3764271.84,3061571.81
Niesha Gauna,2022Q3,55,0.38181818181818183,3618.8083636363635,78.51020408163265,3061571.81,3712245.18
Niesha Gauna,2022Q4,65,0.3076923076923077,3638.287230769231,76.43396226415095,3712245.18,4644942.38
Niesha Gauna,2023Q1,78,0.34615384615384615,3579.523846153846,77.8030303030303,4644942.38,4037158.84
Niesha Gauna,2023Q2,52,0.4230769230769231,3702.4340384615384,78.7872340425532,4037158.84,4324030.87
Niesha Gauna,2023Q3,74,0.36486486486486486,3597.786216216216,77.640625,4324030.87,5897431.38
Niesha Gauna,2023Q4,80,0.375,3653.467875,76.94117647058823,5897431.38,5691366.95
Niesha Gauna,2024Q1,107,0.32710280373831774,3562.371682242991,74.76595744680851,5691366.95,5492127.38
Niesha Gauna,2024Q2,63,0.30158730158730157,3641.7888888888892,76.0,5492127.38,4116446.8
Niesha Gauna,2024Q3,81,0.4444444444444444,3508.7425925925927,77.40579710144928,4116446.8,6732452.72
Niesha Gauna,2024Q4,67,0.44776119402985076,3663.222388059701,77.93333333333334,6732452.72,4548661.88
Niesha Gauna,2025Q1,88,0.29545454545454547,3472.7940909090908,78.28571428571429,4548661.88,7063390.32
Niesha Gauna,2025Q2,84,0.4523809523809524,3591.2036904761903,74.04285714285714,7063390.32,6258687.94
Niesha Gauna,2025Q3,92,0.33695652173913043,3663.769347826087,78.74025974025975,6258687.94,5556606.58
Niesha Gauna,2025Q4,69,0.4782608695652174,3765.1195652173915,79.65,5556606.58,
Niesha Hillebrand,2022Q1,69,0.37681159420289856,3500.2526086956523,74.91228070175438,1569428.23,4559417.53
Niesha Hillebrand,2022Q2,49,0.40816326530612246,3815.5404081632655,83.76086956521739,4559417.53,4645500.62
Niesha Hillebrand,2022Q3,62,0.41935483870967744,3630.891612903226,77.6734693877551,4645500.62,5469688.48
Niesha Hillebrand,2022Q4,51,0.27450980392156865,3693.915882352941,75.11904761904762,5469688.48,2543693.63
Niesha Hillebrand,2023Q1,87,0.41379310344827586,3723.1314942528734,80.42666666666666,2543693.63,7365204.9799999995
Niesha Hillebrand,2023Q2,65,0.26153846153846155,3601.8161538461536,79.56140350877193,7365204.9799999995,2548194.16
Niesha Hillebrand,2023Q3,68,0.3088235294117647,3666.090882352941,80.64912280701755,2548194.16,4237195.45
Niesha Hillebrand,2023Q4,65,0.36923076923076925,3490.527076923077,75.22222222222223,4237195.45,5134483.85
Niesha Hillebrand,2024Q1,70,0.4,3593.434,74.35593220338983,5134483.85,5160710.71
Niesha Hillebrand,2024Q2,79,0.27848101265822783,3590.46329113924,80.03030303030303,5160710.71,4795291.98
Niesha Hillebrand,2024Q3,77,0.3116883116883117,3680.211038961039,77.06060606060606,4795291.98,3827527.66
Niesha Hillebrand,2024Q4,71,0.36619718309859156,3613.5873239436623,79.63636363636364,3827527.66,6271098.07
Niesha Hillebrand,2025Q1,72,0.3194444444444444,3688.8318055555555,79.14516129032258,6271098.07,5102990.33
Niesha Hillebrand,2025Q2,81,0.3950617283950617,3767.719012345679,81.02857142857142,5102990.33,6202676.91
Niesha Hillebrand,2025Q3,77,0.36363636363636365,3588.813766233766,72.38333333333334,6202676.91,6325910.28
Niesha Hillebrand,2025Q4,65,0.38461538461538464,3485.595230769231,73.66071428571429,6325910.28,
Vernita Cordell,2022Q1,63,0.4444444444444444,3628.6055555555554,76.39285714285714,1440515.05,4877174.63
Vernita Cordell,2022Q2,60,0.4666666666666667,3481.451,74.64,4877174.63,4471806.33
Vernita Cordell,2022Q3,55,0.36363636363636365,3828.947818181818,84.38,4471806.33,4823554.5
Vernita Cordell,2022Q4,54,0.42592592592592593,3751.9279629629627,81.66666666666667,4823554.5,4718322.66
Vernita Cordell,2023Q1,63,0.36507936507936506,3674.8244444444445,79.9,4718322.66,4169898.87
Vernita Cordell,2023Q2,54,0.42592592592592593,3621.5644444444447,78.74468085106383,4169898.87,6240606.38
Vernita Cordell,2023Q3,85,0.38823529411764707,3731.937294117647,80.28378378378379,6240606.38,5642513.25
Vernita Cordell,2023Q4,63,0.4603174603174603,3665.4347619047617,79.69642857142857,5642513.25,5020151.75
Vernita Cordell,2024Q1,84,0.42857142857142855,3845.5841666666665,85.0958904109589,5020151.75,6878311.59
Vernita Cordell,2024Q2,63,0.4126984126984127,3598.7526984126985,76.69642857142857,6878311.59,5773244.16
Vernita Cordell,2024Q3,80,0.3875,3499.6122499999997,72.95652173913044,5773244.16,5840087.4
Vernita Cordell,2024Q4,79,0.3924050632911392,3492.6675949367086,73.82089552238806,5840087.4,5934305.79
Vernita Cordell,2025Q1,88,0.375,3641.1259090909093,76.94805194805195,5934305.79,7311011.29
Vernita Cordell,2025Q2,78,0.2948717948717949,3655.4469230769228,77.30645161290323,7311011.29,5713417.2700000005
Vernita Cordell,2025Q3,99,0.48484848484848486,3663.5288888888886,76.17204301075269,5713417.2700000005,8505189.76
Vernita Cordell,2025Q4,65,0.3230769230769231,3629.286153846154,78.55932203389831,8505189.76,
Vernita Everman,2022Q1,62,0.3870967741935484,3623.466290322581,77.94642857142857,1114542.37,4548024.67
Vernita Everman,2022Q2,56,0.44642857142857145,3625.0923214285717,78.53191489361703,4548024.67,4976318.43
Vernita Everman,2022Q3,65,0.35384615384615387,3698.815076923077,79.21428571428571,4976318.43,4687697.0
Vernita Everman,2022Q4,49,0.32653061224489793,3635.1785714285716,79.55813953488372,4687697.0,2161294.78
Vernita Everman,2023Q1,85,0.3764705882352941,3717.2365882352938,79.81159420289855,2161294.78,7994138.99
Vernita Everman,2023Q2,64,0.4375,3535.2907812500002,75.37735849056604,7994138.99,5684404.59
Vernita Everman,2023Q3,69,0.2898550724637681,3607.1565217391303,75.96551724137932,5684404.59,3166518.34
Vernita Everman,2023Q4,61,0.3114754098360656,3706.9132786885243,78.25,3166518.34,4999875.76
Vernita Everman,2024Q1,84,0.44047619047619047,3628.1848809523813,77.06666666666666,4999875.76,4974146.98
Vernita Everman,2024Q2,61,0.39344262295081966,3650.746393442623,78.66071428571429,4974146.98,5717789.24
Vernita Everman,2024Q3,70,0.32857142857142857,3629.9985714285713,77.95238095238095,5717789.24,3977833.76
Vernita Everman,2024Q4,88,0.32954545454545453,3750.9226136363636,80.40259740259741,3977833.76,7252211.01
Vernita Everman,2025Q1,99,0.3939393939393939,3691.17696969697,78.06172839506173,7252211.01,6341317.97
Vernita Everman,2025Q2,64,0.359375,3589.4296875,79.96296296296296,6341317.97,5582370.03
Vernita Everman,2025Q3,92,0.2826086956521739,3605.6818478260866,77.11842105263158,5582370.03,4458033.69
Vernita Everman,2025Q4,68,0.35294117647058826,3629.457058823529,79.66666666666667,4458033.69,
Wilburn Grunwald,2022Q1,52,0.34615384615384615,3663.06,77.71111111111111,1752928.08,2740715.97
Wilburn Grunwald,2022Q2,54,0.3888888888888889,3702.156296296296,81.14893617021276,2740715.97,3506703.62
Wilburn Grunwald,2022Q3,50,0.48,3634.1564000000003,77.43478260869566,3506703.62,4384688.63
Wilburn Grunwald,2022Q4,56,0.32142857142857145,3606.2360714285714,78.98,4384688.63,4118444.19
Wilburn Grunwald,2023Q1,86,0.37209302325581395,3743.3579069767443,77.8695652173913,4118444.19,6441363.4
Wilburn Grunwald,2023Q2,77,0.42857142857142855,3760.046493506494,82.04545454545455,6441363.4,5890693.7
Wilburn Grunwald,2023Q3,66,0.42424242424242425,3447.0022727272726,77.19642857142857,5890693.7,4671059.88
Wilburn Grunwald,2023Q4,50,0.3,3749.7002,82.5813953488372,4671059.88,4619019.77
Wilburn Grunwald,2024Q1,95,0.3894736842105263,3590.6722105263157,76.10843373493977,4619019.77,5434993.0200000005
Wilburn Grunwald,2024Q2,59,0.23728813559322035,3673.328474576271,78.24489795918367,5434993.0200000005,2918955.39
Wilburn Grunwald,2024Q3,69,0.3188405797101449,3743.576666666667,78.19672131147541,2918955.39,4779892.85
Wilburn Grunwald,2024Q4,64,0.390625,3509.84234375,76.50909090909092,4779892.85,5633212.61
Wilburn Grunwald,2025Q1,82,0.3170731707317073,3669.600487804878,77.25373134328358,5633212.61,4411535.41
Wilburn Grunwald,2025Q2,79,0.4810126582278481,3516.9586075949364,72.7936507936508,4411535.41,7203392.2
Wilburn Grunwald,2025Q3,83,0.3132530120481928,3685.1850602409636,81.73611111111111,7203392.2,5142401.52
Wilburn Grunwald,2025Q4,71,0.39436619718309857,3539.8367605633803,72.87272727272727,5142401.52,
Wilburn Hillebrand,2022Q1,68,0.36764705882352944,3591.471911764706,74.08333333333333,827760.6799999999,5061960.17
Wilburn Hillebrand,2022Q2,58,0.3275862068965517,3797.1720689655176,80.24,5061960.17,4625227.65
Wilburn Hillebrand,2022Q3,64,0.390625,3875.14921875,80.67857142857143,4625227.65,5318143.71
Wilburn Hillebrand,2022Q4,50,0.36,3577.03,74.41025641025641,5318143.71,4834116.78
Wilburn Hillebrand,2023Q1,72,0.2916666666666667,3784.1724999999997,78.58620689655173,4834116.78,3649094.85
Wilburn Hillebrand,2023Q2,80,0.3125,3580.6683749999997,75.75757575757575,3649094.85,4206168.84
Wilburn Hillebrand,2023Q3,54,0.4074074074074074,3604.843148148148,78.8125,4206168.84,4469498.46
Wilburn Hillebrand,2023Q4,76,0.3026315789473684,3724.176315789474,78.79661016949153,4469498.46,6986795.12
Wilburn Hillebrand,2024Q1,93,0.3870967741935484,3570.370430107527,77.225,6986795.12,6517339.23
Wilburn Hillebrand,2024Q2,74,0.40540540540540543,3564.8724324324326,74.81818181818181,6517339.23,6573807.36
Wilburn Hillebrand,2024Q3,52,0.36538461538461536,3457.0519230769232,75.02272727272727,6573807.36,3297742.73
Wilburn Hillebrand,2024Q4,66,0.2727272727272727,3634.896818181818,75.51923076923077,3297742.73,4856744.81
Wilburn Hillebrand,2025Q1,104,0.375,3719.7024038461536,82.10975609756098,4856744.81,7868634.54
Wilburn Hillebrand,2025Q2,80,0.3125,3624.6635,78.31746031746032,7868634.54,5640062.58
Wilburn Hillebrand,2025Q3,99,0.47474747474747475,3643.4871717171713,79.48275862068965,5640062.58,9134651.040000001
Wilburn Hillebrand,2025Q4,91,0.4065934065934066,3652.435054945055,78.69135802469135,9134651.040000001,
Zane Cordell,2022Q1,64,0.40625,3472.83140625,74.5,1869994.2000000002,4343322.73
Zane Cordell,2022Q2,52,0.4807692307692308,3538.104807692308,75.25531914893617,4343322.73,5165861.04
Zane Cordell,2022Q3,59,0.4067796610169492,3732.4759322033897,77.19148936170212,5165861.04,3211993.79
Zane Cordell,2022Q4,42,0.42857142857142855,3837.3840476190476,83.65789473684211,3211993.79,3855874.37
Zane Cordell,2023Q1,73,0.4383561643835616,3605.0743835616436,78.7741935483871,3855874.37,6059886.35
Zane Cordell,2023Q2,55,0.3090909090909091,3796.7807272727273,82.02173913043478,6059886.35,3678824.95
Zane Cordell,2023Q3,73,0.3424657534246575,3649.6684931506848,78.74193548387096,3678824.95,4147452.5
Zane Cordell,2023Q4,75,0.48,3585.41,72.5223880597015,4147452.5,7330992.53
Zane Cordell,2024Q1,67,0.43283582089552236,3604.8273134328356,75.75925925925925,7330992.53,5393594.69
Zane Cordell,2024Q2,73,0.3698630136986301,3574.1083561643836,74.3731343283582,5393594.69,4951553.5200000005
Zane Cordell,2024Q3,80,0.35,3647.7934999999998,77.28169014084507,4951553.5200000005,6864952.86
Zane Cordell,2024Q4,76,0.4342105263157895,3750.225,80.66176470588235,6864952.86,7220838.73
Zane Cordell,2025Q1,99,0.36363636363636365,3555.5036363636364,76.41176470588235,7220838.73,6396880.78
Zane Cordell,2025Q2,80,0.375,3642.4335,75.98484848484848,6396880.78,5772076.39
Zane Cordell,2025Q3,69,0.391304347826087,3572.5321739130436,76.58064516129032,5772076.39,6402828.4799999995
Zane Cordell,2025Q4,74,0.43243243243243246,3640.5445945945944,76.46774193548387,6402828.4799999995,
Zane Everman,2022Q1,55,0.34545454545454546,3533.6867272727272,77.45652173913044,78584.36,3706318.49
Zane Everman,2022Q2,44,0.36363636363636365,3637.6336363636365,79.51219512195122,3706318.49,2951516.07
Zane Everman,2022Q3,57,0.40350877192982454,3699.7507017543862,79.26086956521739,2951516.07,4947372.59
Zane Everman,2022Q4,50,0.4,3598.8288000000002,76.3409090909091,4947372.59,4571304.2299999995
Zane Everman,2023Q1,73,0.3561643835616438,3722.164931506849,78.77966101694915,4571304.2299999995,4879266.78
Zane Everman,2023Q2,77,0.4025974025974026,3535.6276623376625,75.98507462686567,4879266.78,5631878.96
Zane Everman,2023Q3,84,0.4166666666666667,3408.350357142857,71.4,5631878.96,6875346.34
Zane Everman,2023Q4,70,0.32857142857142857,3644.029142857143,76.9047619047619,6875346.34,4171642.32
Zane Everman,2024Q1,85,0.4235294117647059,3629.9472941176473,79.23611111111111,4171642.32,6676784.16
Zane Everman,2024Q2,68,0.4264705882352941,3792.5923529411766,76.55737704918033,6676784.16,6293565.03
Zane Everman,2024Q3,75,0.38666666666666666,3534.7566666666667,76.91935483870968,6293565.03,5714222.17
Zane Everman,2024Q4,86,0.3488372093023256,3770.1274418604653,79.06849315068493,5714222.17,5710235.96
Zane Everman,2025Q1,98,0.37755102040816324,3741.1235714285713,79.04651162790698,5710235.96,7381342.18
Zane Everman,2025Q2,76,0.2631578947368421,3557.2723684210528,76.30645161290323,7381342.18,4357190.94
Zane Everman,2025Q3,62,0.41935483870967744,3666.6993548387095,79.0,4357190.94,5718222.29
Zane Everman,2025Q4,84,0.32142857142857145,3505.2110714285714,78.70149253731343,5718222.29,
Zane Sturm,2022Q1,65,0.3384615384615385,3546.8356923076926,74.39655172413794,1551963.8599999999,4594286.31
Zane Sturm,2022Q2,56,0.4642857142857143,3646.9669642857143,76.06818181818181,4594286.31,4520870.0
Zane Sturm,2022Q3,49,0.3469387755102041,3658.7097959183675,77.45454545454545,4520870.0,2902224.98
Zane Sturm,2022Q4,47,0.3617021276595745,3560.089361702128,75.88095238095238,2902224.98,3939536.71
Zane Sturm,2023Q1,80,0.375,3701.129,79.77922077922078,3939536.71,4435831.37
Zane Sturm,2023Q2,53,0.37735849056603776,3735.645471698113,80.375,4435831.37,4880306.0600000005
Zane Sturm,2023Q3,67,0.31343283582089554,3811.629850746269,83.56896551724138,4880306.0600000005,3972738.63
Zane Sturm,2023Q4,55,0.3090909090909091,3488.4954545454543,75.13636363636364,3972738.63,2582153.08
Zane Sturm,2024Q1,65,0.4153846153846154,3598.1876923076925,77.91836734693878,2582153.08,5331667.79
Zane Sturm,2024Q2,51,0.29411764705882354,3824.9231372549025,84.11904761904762,5331667.79,3678258.62
Zane Sturm,2024Q3,80,0.4,3601.66725,75.92957746478874,3678258.62,7080217.57
Zane Sturm,2024Q4,62,0.41935483870967744,3564.933548387097,76.96153846153847,7080217.57,4170398.58
Zane Sturm,2025Q1,79,0.4430379746835443,3637.166835443038,78.94117647058823,4170398.58,7381581.84
Zane Sturm,2025Q2,80,0.4625,3556.71425,77.2463768115942,7381581.84,6127132.72
Zane Sturm,2025Q3,85,0.3764705882352941,3704.214705882353,82.83783783783784,6127132.72,6786201.4399999995
Zane Sturm,2025Q4,79,0.4050632911392405,3470.8587341772154,76.23529411764706,6786201.4399999995,
